{
	"display": {
		"icon": {
			"item": "minecraft:player_head",
			"nbt": "{SkullOwner:Qryy}"
		},
		"title": "Datapacks By Qryy",
		"frame": "challenge",
		"description": ["",{"text":"All loaded datapacks by Qryy\n","color":"gold"},{"text":"https://www.planetminecraft.com/member/qryymeariver/","color":"yellow"}],
		"background": "minecraft:textures/block/netherite_block.png",
		"show_toast": false,
		"announce_to_chat": false
	},
	"criteria": {
		"tick": {
			"trigger": "minecraft:tick"
		}
	}
}
