{
    "pools": [
      {
        "rolls": 3,
        "entries": [
          {
            "type": "minecraft:item",
            "name": "minecraft:snowball",
            "functions": [
              {
                "function": "minecraft:set_nbt",
                "tag": "{CreaturesCreeperConfettiBall:1,CustomModelData:27018,display:{Name:'{\"text\":\"Confetti Ball\",\"italic\":false,\"color\": \"#685cb8\"}',Lore:['{\"text\":\"Reinforced Creatures\",\"color\":\"#676e75\",\"italic\": true}']}}"
              }
            ]
          }
        ]
      },
      {
        "rolls": 6,
        "entries": [
          {
              
            "type": "minecraft:item",
            "weight": 2,
            "name": "minecraft:snowball",
            
            "functions": [
              {
                "function": "minecraft:set_nbt",
                "tag": "{CreaturesCreeperConfettiBall:1,CustomModelData:27018,display:{Name:'{\"text\":\"Confetti Ball\",\"italic\":false,\"color\": \"#685cb8\"}',Lore:['{\"text\":\"Reinforced Creatures\",\"color\":\"#676e75\",\"italic\": true}']}}"
              },
              {
                "function": "minecraft:set_count",
                "count": {
                  "type": "minecraft:uniform",
                  "min": 0,
                  "max": 2
                },
                "add": false
              },
              {
                "function": "minecraft:looting_enchant",
                "count": {
                  "type": "minecraft:uniform",
                  "min": 0,
                  "max": 1
                }
              }
            ]
          },
          {
            "type": "minecraft:item",
            "weight": 2,
            "name": "minecraft:air"
            
          }
        ]
      },
      {
        "rolls": 1,
        "entries": [
          {
            "type": "minecraft:item",
            "name": "minecraft:gunpowder"
            
          }
        ]
      },
      {
      "rolls": 1,
      "entries": [
        {
          "type": "minecraft:item",
          "weight": 2,
          "name": "minecraft:gunpowder"
        },
        {
            "type": "minecraft:item",
            "weight": 2,
            "name": "minecraft:air"
          }
      ]
    }
    ]
  }
  