{
  "type": "minecraft:entity",
  "pools": [
    {
      "rolls": 1,
      "entries": [
        {
          "type": "minecraft:item",
          "weight": 50,
          "name": "minecraft:bone"
          
          
        }
      ]
    
    },
    {
      "rolls": 2,
      "entries": [
        {
          "type": "minecraft:item",
          "weight": 50,
          "name": "minecraft:bone"
          
          
        },
        {
          "type": "minecraft:item",
          "weight": 50,
          "name": "minecraft:air"
        }
      ]
    
    },
    {
      "rolls": 2,
      "entries": [
        {
          "type": "minecraft:item",
          "weight": 50,
          "name": "minecraft:glow_ink_sac"
          
          
        }
      ]
    
    },
    {
      "rolls": 1,
      "entries": [
        {
          "type": "minecraft:item",
          "weight": 50,
          "name": "minecraft:glow_ink_sac"
          
          
        },
        {
          "type": "minecraft:item",
          "weight": 50,
          "name": "minecraft:air"
        }
      ]
    
    },
    {
      "rolls": 1,
      "entries": [
        {
          "type": "minecraft:item",
          "weight": 50,
          "name": "minecraft:baked_potato",
          "functions": [ {
            "function": "minecraft:set_nbt",
            "tag": "{CustomModelData:27010,display:{Name:'{\"text\":\"Deep Sea Squid Tentacle\",\"italic\":false}',Lore:['{\"text\":\"Reinforced Creatures\",\"color\":\"#676e75\",\"italic\": true}']},CreaturesDeepSeaSquidTentacle:1}"
          }
          ]
          
          
        }
      ]
    
    },
    {
      "rolls": 1,
      "entries": [
        {
          "type": "minecraft:item",
          "weight": 50,
          "name": "minecraft:baked_potato",
          "functions": [ {
            "function": "minecraft:set_nbt",
            "tag": "{CustomModelData:27010,display:{Name:'{\"text\":\"Deep Sea Squid Tentacle\",\"italic\":false}',Lore:['{\"text\":\"Reinforced Creatures\",\"color\":\"#676e75\",\"italic\": true}']},CreaturesDeepSeaSquidTentacle:1}"
          }
          ]
          
          
        },
      
        {
          "type": "minecraft:item",
          "weight": 50,
          "name": "minecraft:air"
        }
      ]
    
    }
    
    
  ]
}
