{
    "type": "minecraft:entity",
    "pools": [
        
    {
      "rolls": 1,
      "entries": [
        {
          "type": "minecraft:item",
          "weight": 50,
          "name": "minecraft:bow",
          "functions": [ {
            "function": "minecraft:set_nbt",
            "tag": "{CreaturesPhantomBow:1,CustomModelData:27014,display:{Name:'{\"text\":\"Phantom Bow\",\"italic\":false,\"color\": \"#685cb8\"}',Lore:['{\"text\":\"Reinforced Creatures\",\"color\":\"#676e75\",\"italic\": true}']},Enchantments:[{id:\"unbreaking\",lvl:1s}]}"
          },
          {
            "function": "minecraft:set_damage",
            "damage": {
              "min": -0.5,
              "max": -0.1
            },
            "add": true
          }
          ]
          
          
        }
      ]
    
    },
      {
        "rolls": 1,
        "bonus_rolls": 0,
        "entries": [
          {
            "type": "minecraft:item",
            "name": "minecraft:arrow",
            "functions": [
              {
                "function": "minecraft:set_count",
                "count": {
                  "type": "minecraft:uniform",
                  "min": 0,
                  "max": 2
                },
                "add": false
              },
              {
                "function": "minecraft:looting_enchant",
                "count": {
                  "type": "minecraft:uniform",
                  "min": 0,
                  "max": 1
                }
              }
            ]
          }
        ]
      },
      {
        "rolls": 1,
        "bonus_rolls": 0,
        "entries": [
          {
            "type": "minecraft:item",
            "name": "minecraft:bone",
            "functions": [
              {
                "function": "minecraft:set_count",
                "count": {
                  "type": "minecraft:uniform",
                  "min": 0,
                  "max": 2
                },
                "add": false
              },
              {
                "function": "minecraft:looting_enchant",
                "count": {
                  "type": "minecraft:uniform",
                  "min": 0,
                  "max": 1
                }
              }
            ]
          }
        ]
      }
    ]
  }
  