{
    "type": "minecraft:entity",
    "pools": [
      {
        "rolls": 1,
        "entries": [
          {
            "type": "minecraft:item",
            "weight": 50,
            "name": "minecraft:bow",
            "functions": [ {
              "function": "minecraft:set_nbt",
              "tag": "{CreaturesFrostBow:1,CustomModelData:27015,display:{Name:'{\"text\":\"Frost Bow\",\"italic\":false,\"color\": \"#94d4cf\"}',Lore:['{\"text\":\"Reinforced Creatures\",\"color\":\"#676e75\",\"italic\": true}']}}"
            },
            {
              "function": "minecraft:set_damage",
              "damage": {
                "min": -0.8,
                "max": -0.2
              },
              "add": true
            }
            ]
            
            
          }
        
        ]
      
      },
      {
        "rolls": 2,
        "entries": [
          {
            "type": "minecraft:item",
            "weight": 50,
            "name": "minecraft:bone",
            "functions": [
              {
                "function": "minecraft:set_count",
                "count": {
                  "type": "minecraft:uniform",
                  "min": 0,
                  "max": 2
                },
                "add": false
              },
              {
                "function": "minecraft:looting_enchant",
                "count": {
                  "type": "minecraft:uniform",
                  "min": 0,
                  "max": 1
                }
              }
            ]
          },
          {
            "type": "minecraft:item",
            "weight": 50,
            "name": "minecraft:iron_ingot",
            "functions": [
              {
                "function": "minecraft:set_count",
                "count": {
                  "type": "minecraft:uniform",
                  "min": 0,
                  "max": 2
                },
                "add": false
              },
              {
                "function": "minecraft:looting_enchant",
                "count": {
                  "type": "minecraft:uniform",
                  "min": 0,
                  "max": 1
                }
              }
            ]
          },
          {
            "type": "minecraft:item",
            "weight": 50,
            "name": "minecraft:air"
          }
        ]
      
      },
      {
        "rolls": 2,
        "entries": [
          {
            "type": "minecraft:item",
            "weight": 50,
            "name": "minecraft:bone"
          }
        ]
      
      },
      {
        "rolls": 1,
        "entries": [
          {
            "type": "minecraft:item",
            "name": "minecraft:ice"
          }
        ]
      }
      
    ]
  }
  