{
    "type": "minecraft:entity",
    "pools": [
      {
        "rolls": 3,
        "entries": [
          {
            "type": "minecraft:item",
            "weight": 50,
            "name": "minecraft:firework_rocket",
            "functions": [
              {
                "function": "minecraft:set_count",
                "count": {
                  "type": "minecraft:uniform",
                  "min": 0,
                  "max": 2
                },
                "add": false
              },
              {
                "function": "minecraft:looting_enchant",
                "count": {
                  "type": "minecraft:uniform",
                  "min": 0,
                  "max": 1
                }
              }
            ]
            
          },
          {
            "type": "minecraft:item",
            "weight": 50,
            "name": "minecraft:air"
          }
        ]
      
      },
      {
        "rolls": 1,
        "entries": [
          {
            "type": "minecraft:item",
            "weight": 50,
            "name": "minecraft:firework_rocket"
          }
        ]
      
      }
      
    ]
  }
  