{
    "pools": [
      {
        "rolls": 1,
        "entries": [
          {
            "type": "minecraft:item",
            "name": "minecraft:paper",
            "functions": [
              {
                "function": "minecraft:set_nbt",
                "tag": "{display:{Name:'{\"text\":\"Output:1\"}'},CreaturesRandomizerItem:1,CreaturesRandomizerOutput:1}"
              }
            ]
          },
          {
            "type": "minecraft:item",
            "name": "minecraft:paper",
            "functions": [
              {
                "function": "minecraft:set_nbt",
                "tag": "{display:{Name:'{\"text\":\"Output:2\"}'},CreaturesRandomizerItem:1,CreaturesRandomizerOutput:2}"
              }
            ]
          },
          {
            "type": "minecraft:item",
            "name": "minecraft:paper",
            "functions": [
              {
                "function": "minecraft:set_nbt",
                "tag": "{display:{Name:'{\"text\":\"Output:3\"}'},CreaturesRandomizerItem:1,CreaturesRandomizerOutput:3}"
              }
            ]
          },
          {
            "type": "minecraft:item",
            "name": "minecraft:paper",
            "functions": [
              {
                "function": "minecraft:set_nbt",
                "tag": "{display:{Name:'{\"text\":\"Output:4\"}'},CreaturesRandomizerItem:1,CreaturesRandomizerOutput:4}"
              }
            ]
          },
          {
            "type": "minecraft:item",
            "name": "minecraft:paper",
            "functions": [
              {
                "function": "minecraft:set_nbt",
                "tag": "{display:{Name:'{\"text\":\"Output:5\"}'},CreaturesRandomizerItem:1,CreaturesRandomizerOutput:5}"
              }
            ]
          },
          {
            "type": "minecraft:item",
            "name": "minecraft:paper",
            "functions": [
              {
                "function": "minecraft:set_nbt",
                "tag": "{display:{Name:'{\"text\":\"Output:6\"}'},CreaturesRandomizerItem:1,CreaturesRandomizerOutput:6}"
              }
            ]
          },
          {
            "type": "minecraft:item",
            "name": "minecraft:paper",
            "functions": [
              {
                "function": "minecraft:set_nbt",
                "tag": "{display:{Name:'{\"text\":\"Output:7\"}'},CreaturesRandomizerItem:1,CreaturesRandomizerOutput:7}"
              }
            ]
          },
          {
            "type": "minecraft:item",
            "name": "minecraft:paper",
            "functions": [
              {
                "function": "minecraft:set_nbt",
                "tag": "{display:{Name:'{\"text\":\"Output:8\"}'},CreaturesRandomizerItem:1,CreaturesRandomizerOutput:8}"
              }
            ]
          }
        ]
      }
    ]
  }
  