{
  "pools": [
    {
      "rolls": 1,
      "entries": [
        {
          "type": "minecraft:item",
          "name": "minecraft:paper",
          "functions": [
            {
              "function": "minecraft:set_nbt",
              "tag": "{display:{Name:'{\"text\":\"Output:1\"}'},CreaturesRandomizerItem:1,CreaturesRandomizerOutput:1}"
            }
          ]
        },
        {
          "type": "minecraft:item",
          "name": "minecraft:paper",
          "functions": [
            {
              "function": "minecraft:set_nbt",
              "tag": "{display:{Name:'{\"text\":\"Output:2\"}'},CreaturesRandomizerItem:1,CreaturesRandomizerOutput:2}"
            }
          ]
        },
        {
          "type": "minecraft:item",
          "name": "minecraft:paper",
          "functions": [
            {
              "function": "minecraft:set_nbt",
              "tag": "{display:{Name:'{\"text\":\"Output:3\"}'},CreaturesRandomizerItem:1,CreaturesRandomizerOutput:3}"
            }
          ]
        },
        {
          "type": "minecraft:item",
          "name": "minecraft:paper",
          "functions": [
            {
              "function": "minecraft:set_nbt",
              "tag": "{display:{Name:'{\"text\":\"Output:4\"}'},CreaturesRandomizerItem:1,CreaturesRandomizerOutput:4}"
            }
          ]
        }
      ]
    }
  ]
}
