{
  "pools": [
    {
      "rolls": 1,
      "entries": [
        {
          "type": "minecraft:item",
          "name": "minecraft:skeleton_skull",
          "conditions": [
            {
              "condition": "minecraft:random_chance",
              "chance": 1
            }
          ]
        }
      ]
    },
    {
      "rolls": 2,
      "entries": [
        {
          "type": "minecraft:item",
          "name": "minecraft:grindstone",
          "conditions": [
            {
              "condition": "minecraft:random_chance",
              "chance": 1
            }
          ]
        }
      ]
    }
  ]
}
